<?xml version="1.0" encoding="UTF-8"?>
<project-private xmlns="http://www.netbeans.org/ns/project-private/1">
    <editor-bookmarks xmlns="http://www.netbeans.org/ns/editor-bookmarks/2" lastBookmarkId="0"/>
    <open-files xmlns="http://www.netbeans.org/ns/projectui-open-files/2">
        <group>
            <file>file:/C:/Users/Timea/carcassonne_git/carcassonne/CarcassonneClient/src/resources/css/style.css</file>
            <file>file:/C:/Users/Timea/carcassonne_git/carcassonne/CarcassonneClient/src/view/CarcassonneGameView.java</file>
            <file>file:/C:/Users/Timea/carcassonne_git/carcassonne/CarcassonneClient/src/main/resources/carcassonne_game.fxml</file>
            <file>file:/C:/Users/Timea/carcassonne_git/carcassonne/CarcassonneClient/src/view/LoadingScreen.java</file>
            <file>file:/C:/Users/Timea/carcassonne_git/carcassonne/CarcassonneClient/src/main/resources/carcasonne_menu.fxml</file>
            <file>file:/C:/Users/Timea/carcassonne_git/carcassonne/CarcassonneClient/src/view/MainMenuView.java</file>
            <file>file:/C:/Users/Timea/carcassonne_git/carcassonne/CarcassonneClient/src/view/MenuDelegate.java</file>
            <file>file:/C:/Users/Timea/carcassonne_git/carcassonne/CarcassonneClient/src/carcassonneclient/CarcassonneClient.java</file>
            <file>file:/C:/Users/Timea/carcassonne_git/carcassonne/CarcassonneClient/src/view/GameButton.java</file>
            <file>file:/C:/Users/Timea/carcassonne_git/carcassonne/CarcassonneClient/src/controller/Controller.java</file>
            <file>file:/C:/Users/Timea/carcassonne_git/carcassonne/CarcassonneClient/src/view/FXMLGameController.java</file>
            <file>file:/C:/Users/Timea/carcassonne_git/carcassonne/CarcassonneClient/src/view/FXMLMenuController.java</file>
        </group>
    </open-files>
</project-private>
